DATA;AREA;TRANSECCAO;HABITAT;ESPECIE;N_IND;LATITUDE;LONGITUDE;BIOM_SERRA;COLLEMBOLA;COLEOPTERA;HYMENOPTERA;DIPTERA;ARANEAE;TEMPERATURA;UMIDADE;PLUVIOSIDADE
22/03/2017;A1;1;Pinus;NA;NA;-28.288056;-52.185833;5580.4;15;20;15;13;3;22.8;68;0
22/03/2017;A1;2;Pinus;Physalaemus_cuvieri;1;-28.288056;-52.185833;5580.4;17;18;7;8;0;22.8;68;0
22/03/2017;A2;1;Nativa;Physalaemus_cuvieri;1;-28.295833;-52.196944;2891.5;19;12;20;8;6;22.7;68;0
22/03/2017;A2;2;Nativa;NA;NA;-28.295833;-52.196944;2891.5;13;9;20;1;2;22.7;68;0
22/03/2017;A3;1;Araucaria;Physalaemus_cuvieri;1;-28.300833;-52.201667;3967.4;11;6;16;1;1;23.4;67;0
22/03/2017;A3;1;Araucaria;Physalaemus_gracilis;1;-28.300833;-52.201667;3967.4;11;6;16;1;1;23.4;67;0
22/03/2017;A3;2;Araucaria;NA;NA;-28.300833;-52.201667;3967.4;2;1;1;0;0;23.4;67;0
22/03/2017;A4;1;Nativa;NA;NA;-28.321111;-52.201667;2891.5;14;6;7;6;0;25.2;62;0
22/03/2017;A4;2;Nativa;NA;NA;-28.321111;-52.201667;2891.5;1;8;7;1;0;25.2;62;0
22/03/2017;A5;1;Pinus;NA;NA;-28.318333;-52.199722;5580.4;16;8;15;3;3;25;62;0
22/03/2017;A5;2;Pinus;NA;NA;-28.318333;-52.199722;5580.4;11;5;10;2;1;25;62;0
22/03/2017;A6;1;Araucaria;NA;NA;-28.320556;-52.192778;3967.4;12;8;4;0;0;24.7;61;0
22/03/2017;A6;2;Araucaria;NA;NA;-28.320556;-52.192778;3967.4;13;14;15;0;2;24.7;61;0
22/03/2017;A7;1;Nativa;NA;NA;-28.323611;-52.188056;2891.5;6;29;6;8;2;24.3;64;0
22/03/2017;A7;2;Nativa;NA;NA;-28.323611;-52.188056;2891.5;13;77;2;13;2;24.3;64;0
22/03/2017;A8;1;Pinus;Rhinella_henseli;1;-28.326111;-52.186667;5580.4;6;7;19;10;2;24;68;0
22/03/2017;A8;2;Pinus;NA;NA;-28.326111;-52.186667;5580.4;NA;NA;NA;NA;NA;24;68;0
22/03/2017;A9;1;Araucaria;NA;NA;-28.327778;-52.189167;3967.4;39;13;11;0;5;23.8;72;0
22/03/2017;A9;2;Araucaria;Rhinella_henseli;1;-28.327778;-52.189167;3967.4;70;19;62;4;2;23.8;72;0
23/03/2017;A1;1;Pinus;NA;NA;-28.288056;-52.185833;5580.4;15;20;15;13;3;23.3;67;8
23/03/2017;A1;2;Pinus;NA;NA;-28.288056;-52.185833;5580.4;17;18;7;8;0;23.3;67;8
23/03/2017;A2;1;Nativa;NA;NA;-28.295833;-52.196944;2891.5;19;12;20;8;6;23.1;69;8
23/03/2017;A2;2;Nativa;Physalaemus_cuvieri;2;-28.295833;-52.196944;2891.5;13;9;20;1;2;23.1;69;8
23/03/2017;A3;1;Araucaria;NA;NA;-28.300833;-52.201667;3967.4;11;6;16;1;1;23.9;70;8
23/03/2017;A3;2;Araucaria;NA;NA;-28.300833;-52.201667;3967.4;2;1;1;0;0;23.9;70;8
23/03/2017;A4;1;Nativa;NA;NA;-28.321111;-52.201667;2891.5;14;6;7;6;0;25;69;8
23/03/2017;A4;2;Nativa;NA;NA;-28.321111;-52.201667;2891.5;1;8;7;1;0;25;69;8
23/03/2017;A5;1;Pinus;Physalaemus_gracilis;1;-28.318333;-52.199722;5580.4;16;8;15;3;3;25.1;69;8
23/03/2017;A5;2;Pinus;NA;NA;-28.318333;-52.199722;5580.4;11;5;10;2;1;25.1;69;8
23/03/2017;A6;1;Araucaria;NA;NA;-28.320556;-52.192778;3967.4;12;8;4;0;0;24.6;69;8
23/03/2017;A6;2;Araucaria;NA;NA;-28.320556;-52.192778;3967.4;13;14;15;0;2;24.6;69;8
23/03/2017;A7;1;Nativa;Physalaemus_gracilis;1;-28.323611;-52.188056;2891.5;6;29;6;8;2;24.6;71;8
23/03/2017;A7;2;Nativa;NA;NA;-28.323611;-52.188056;2891.5;13;77;2;13;2;24.6;71;8
23/03/2017;A8;1;Pinus;NA;NA;-28.326111;-52.186667;5580.4;6;7;19;10;2;24.5;72;8
23/03/2017;A8;2;Pinus;NA;NA;-28.326111;-52.186667;5580.4;NA;NA;NA;NA;NA;24.5;72;8
23/03/2017;A9;1;Araucaria;NA;NA;-28.327778;-52.189167;3967.4;39;13;11;0;5;23.8;74;8
23/03/2017;A9;2;Araucaria;Rhinella_henseli;1;-28.327778;-52.189167;3967.4;70;19;62;4;2;23.8;74;8
24/03/2017;A1;1;Pinus;Rhinella_henseli;1;-28.288056;-52.185833;5580.4;15;20;15;13;3;18.5;88.1;0
24/03/2017;A1;1;Pinus;Odontophrynus_americanus;1;-28.288056;-52.185833;5580.4;15;20;15;13;3;18.5;88.1;0
24/03/2017;A1;2;Pinus;Physalaemus_cuvieri;1;-28.288056;-52.185833;5580.4;17;18;7;8;0;18.5;88.1;0
24/03/2017;A2;1;Nativa;Rhinella_henseli;1;-28.295833;-52.196944;2891.5;19;12;20;8;6;17.9;89.8;0
24/03/2017;A2;1;Nativa;Physalaemus_cuvieri;1;-28.295833;-52.196944;2891.5;19;12;20;8;6;17.9;89.8;0
24/03/2017;A2;1;Nativa;Physalaemus_gracilis;1;-28.295833;-52.196944;2891.5;19;12;20;8;6;17.9;89.8;0
24/03/2017;A2;2;Nativa;Physalaemus_cuvieri;1;-28.295833;-52.196944;2891.5;13;9;20;1;2;17.9;89.8;0
24/03/2017;A3;1;Araucaria;Physalaemus_gracilis;1;-28.300833;-52.201667;3967.4;11;6;16;1;1;20.3;82.5;0
24/03/2017;A3;2;Araucaria;Physalaemus_cuvieri;1;-28.300833;-52.201667;3967.4;2;1;1;0;0;20.3;82.5;0
24/03/2017;A4;1;Nativa;NA;NA;-28.321111;-52.201667;2891.5;14;6;7;6;0;NA;NA;0
24/03/2017;A4;2;Nativa;NA;NA;-28.321111;-52.201667;2891.5;1;8;7;1;0;NA;NA;0
24/03/2017;A5;1;Pinus;Physalaemus_cuvieri;3;-28.318333;-52.199722;5580.4;16;8;15;3;3;21.4;79.3;0
24/03/2017;A5;2;Pinus;NA;NA;-28.318333;-52.199722;5580.4;11;5;10;2;1;21.4;79.3;0
24/03/2017;A6;1;Araucaria;NA;NA;-28.320556;-52.192778;3967.4;12;8;4;0;0;22.1;79.8;0
24/03/2017;A6;2;Araucaria;Physalaemus_gracilis;1;-28.320556;-52.192778;3967.4;13;14;15;0;2;22.1;79.8;0
24/03/2017;A6;2;Araucaria;Physalaemus_cuvieri;1;-28.320556;-52.192778;3967.4;13;14;15;0;2;22.1;79.8;0
24/03/2017;A7;1;Nativa;Rhinella_henseli;1;-28.323611;-52.188056;2891.5;6;29;6;8;2;20.6;85;0
24/03/2017;A7;1;Nativa;Physalaemus_cuvieri;1;-28.323611;-52.188056;2891.5;6;29;6;8;2;20.6;85;0
24/03/2017;A7;2;Nativa;NA;NA;-28.323611;-52.188056;2891.5;13;77;2;13;2;20.6;85;0
24/03/2017;A8;1;Pinus;NA;NA;-28.326111;-52.186667;5580.4;6;7;19;10;2;21.1;89.5;0
24/03/2017;A8;2;Pinus;NA;NA;-28.326111;-52.186667;5580.4;NA;NA;NA;NA;NA;21.1;89.5;0
24/03/2017;A9;1;Araucaria;NA;NA;-28.327778;-52.189167;3967.4;39;13;11;0;5;21.8;85.9;0
24/03/2017;A9;2;Araucaria;NA;NA;-28.327778;-52.189167;3967.4;70;19;62;4;2;21.8;85.9;0
25/04/2017;A1;1;Pinus;Proceratophrys_bigibbosa;2;-28.288056;-52.185833;5398;25;25;5;16;1;24.6;75;115
25/04/2017;A1;1;Pinus;Rhinella_henseli;1;-28.288056;-52.185833;5398;25;25;5;16;1;24.6;75;115
25/04/2017;A1;2;Pinus;Physalaemus_gracilis;1;-28.288056;-52.185833;5398;8;8;2;13;3;24.6;75;115
25/04/2017;A1;2;Pinus;Proceratophrys_bigibbosa;1;-28.288056;-52.185833;5398;8;8;2;13;3;24.6;75;115
25/04/2017;A2;1;Nativa;Rhinella_henseli;2;-28.295833;-52.196944;3284.3;4;3;7;4;1;26.9;71;115
25/04/2017;A2;1;Nativa;Odontophrynus_americanus;1;-28.295833;-52.196944;3284.3;4;3;7;4;1;26.9;71;115
25/04/2017;A2;1;Nativa;Physalaemus_cuvieri;2;-28.295833;-52.196944;3284.3;4;3;7;4;1;26.9;71;115
25/04/2017;A2;1;Nativa;Physalaemus_gracilis;3;-28.295833;-52.196944;3284.3;4;3;7;4;1;26.9;71;115
25/04/2017;A2;2;Nativa;Rhinella_henseli;1;-28.295833;-52.196944;3284.3;10;4;10;6;1;26.9;71;115
25/04/2017;A2;2;Nativa;Physalaemus_gracilis;5;-28.295833;-52.196944;3284.3;10;4;10;6;1;26.9;71;115
25/04/2017;A3;1;Araucaria;Rhinella_henseli;2;-28.300833;-52.201667;3412.3;22;7;10;5;4;26.8;70;115
25/04/2017;A3;2;Araucaria;Rhinella_henseli;4;-28.300833;-52.201667;3412.3;19;7;29;5;1;26.8;70;115
25/04/2017;A3;2;Araucaria;Physalaemus_gracilis;3;-28.300833;-52.201667;3412.3;19;7;29;5;1;26.8;70;115
25/04/2017;A4;1;Nativa;Rhinella_henseli;1;-28.321111;-52.201667;3284.3;7;24;10;20;5;26.3;68;115
25/04/2017;A4;2;Nativa;Physalaemus_gracilis;4;-28.321111;-52.201667;3284.3;13;8;6;5;0;26.3;68;115
25/04/2017;A5;1;Pinus;Physalaemus_gracilis;2;-28.318333;-52.199722;5398;21;4;6;7;2;24.4;76;115
25/04/2017;A5;2;Pinus;Physalaemus_gracilis;6;-28.318333;-52.199722;5398;2;7;2;10;0;24.4;76;115
25/04/2017;A6;1;Araucaria;NA;NA;-28.320556;-52.192778;3412.3;5;0;1;1;0;25.8;69;115
25/04/2017;A6;2;Araucaria;Physalaemus_gracilis;1;-28.320556;-52.192778;3412.3;17;2;3;5;0;25.8;69;115
25/04/2017;A7;1;Nativa;Physalaemus_cuvieri;1;-28.323611;-52.188056;3284.3;3;6;0;7;1;24.9;78;115
25/04/2017;A7;1;Nativa;Physalaemus_gracilis;1;-28.323611;-52.188056;3284.3;3;6;0;7;1;24.9;78;115
25/04/2017;A7;1;Nativa;Rhinella_henseli;2;-28.323611;-52.188056;3284.3;3;6;0;7;1;24.9;78;115
25/04/2017;A7;2;Nativa;Physalaemus_gracilis;1;-28.323611;-52.188056;3284.3;4;8;0;10;1;24.9;78;115
25/04/2017;A7;2;Nativa;Adenomera_araucaria;1;-28.323611;-52.188056;3284.3;4;8;0;10;1;24.9;78;115
25/04/2017;A8;1;Pinus;NA;NA;-28.326111;-52.186667;5398;1;0;1;2;0;25.4;75;115
25/04/2017;A8;2;Pinus;Lithobates_catesbeianus;1;-28.326111;-52.186667;5398;0;1;2;9;0;25.4;75;115
25/04/2017;A9;1;Araucaria;Rhinella_henseli;2;-28.327778;-52.189167;3412.3;26;4;41;13;3;24.5;73;115
25/04/2017;A9;2;Araucaria;Physalaemus_gracilis;1;-28.327778;-52.189167;3412.3;8;0;16;10;1;24.5;73;115
26/04/2017;A1;1;Pinus;NA;NA;-28.288056;-52.185833;5398;25;25;5;16;1;19.6;77;0
26/04/2017;A1;2;Pinus;NA;NA;-28.288056;-52.185833;5398;8;8;2;13;3;19.6;77;0
26/04/2017;A2;1;Nativa;Physalaemus_gracilis;5;-28.295833;-52.196944;3284.3;4;3;7;4;1;17.9;88;0
26/04/2017;A2;1;Nativa;Rhinella_henseli;1;-28.295833;-52.196944;3284.3;4;3;7;4;1;17.9;88;0
26/04/2017;A2;2;Nativa;Rhinella_henseli;3;-28.295833;-52.196944;3284.3;10;4;10;6;1;17.9;88;0
26/04/2017;A2;2;Nativa;Physalaemus_gracilis;3;-28.295833;-52.196944;3284.3;10;4;10;6;1;17.9;88;0
26/04/2017;A3;1;Araucaria;Physalaemus_gracilis;2;-28.300833;-52.201667;3412.3;22;7;10;5;4;17.4;93;0
26/04/2017;A3;2;Araucaria;Physalaemus_gracilis;2;-28.300833;-52.201667;3412.3;19;7;29;5;1;17.4;93;0
26/04/2017;A4;1;Nativa;Rhinella_icterica;1;-28.321111;-52.201667;3284.3;7;24;10;20;5;17.9;96;0
26/04/2017;A4;2;Nativa;Rhinella_henseli;1;-28.321111;-52.201667;3284.3;13;8;6;5;0;17.9;96;0
26/04/2017;A4;2;Nativa;Physalaemus_gracilis;1;-28.321111;-52.201667;3284.3;13;8;6;5;0;17.9;96;0
26/04/2017;A5;1;Pinus;Physalaemus_gracilis;2;-28.318333;-52.199722;5398;21;4;6;7;2;17.9;89;0
26/04/2017;A5;2;Pinus;Physalaemus_gracilis;2;-28.318333;-52.199722;5398;2;7;2;10;0;17.9;89;0
26/04/2017;A6;1;Araucaria;NA;NA;-28.320556;-52.192778;3412.3;5;0;1;1;0;17.6;94;0
26/04/2017;A6;2;Araucaria;Physalaemus_gracilis;1;-28.320556;-52.192778;3412.3;17;2;3;5;0;17.6;94;0
26/04/2017;A7;1;Nativa;Physalaemus_gracilis;1;-28.323611;-52.188056;3284.3;3;6;0;7;1;18.5;99;0
26/04/2017;A7;2;Nativa;Physalaemus_gracilis;1;-28.323611;-52.188056;3284.3;4;8;0;10;1;18.5;99;0
26/04/2017;A8;1;Pinus;Physalaemus_gracilis;1;-28.326111;-52.186667;5398;1;0;1;2;0;17.6;87;0
26/04/2017;A8;2;Pinus;Rhinella_henseli;1;-28.326111;-52.186667;5398;0;1;2;9;0;17.6;87;0
26/04/2017;A8;2;Pinus;Physalaemus_gracilis;2;-28.326111;-52.186667;5398;0;1;2;9;0;17.6;87;0
26/04/2017;A9;1;Araucaria;Physalaemus_gracilis;3;-28.327778;-52.189167;3412.3;26;4;41;13;3;17;92;0
26/04/2017;A9;1;Araucaria;Rhinella_henseli;4;-28.327778;-52.189167;3412.3;26;4;41;13;3;17;92;0
26/04/2017;A9;2;Araucaria;Physalaemus_gracilis;3;-28.327778;-52.189167;3412.3;8;0;16;10;1;17;92;0
27/04/2017;A1;1;Pinus;NA;NA;-28.288056;-52.185833;5398;25;25;5;16;1;15.3;62;0
27/04/2017;A1;2;Pinus;NA;NA;-28.288056;-52.185833;5398;8;8;2;13;3;15.3;62;0
27/04/2017;A2;1;Nativa;NA;NA;-28.295833;-52.196944;3284.3;4;3;7;4;1;18.4;60;0
27/04/2017;A2;2;Nativa;NA;NA;-28.295833;-52.196944;3284.3;10;4;10;6;1;18.4;60;0
27/04/2017;A3;1;Araucaria;NA;NA;-28.300833;-52.201667;3412.3;22;7;10;5;4;17.1;56;0
27/04/2017;A3;2;Araucaria;NA;NA;-28.300833;-52.201667;3412.3;19;7;29;5;1;17.1;56;0
27/04/2017;A4;1;Nativa;NA;NA;-28.321111;-52.201667;3284.3;7;24;10;20;5;17.4;57;0
27/04/2017;A4;2;Nativa;NA;NA;-28.321111;-52.201667;3284.3;13;8;6;5;0;17.4;57;0
27/04/2017;A5;1;Pinus;NA;NA;-28.318333;-52.199722;5398;21;4;6;7;2;17.8;58;0
27/04/2017;A5;2;Pinus;NA;NA;-28.318333;-52.199722;5398;2;7;2;10;0;17.8;58;0
27/04/2017;A6;1;Araucaria;NA;NA;-28.320556;-52.192778;3412.3;5;0;1;1;0;17.1;58;0
27/04/2017;A6;2;Araucaria;NA;NA;-28.320556;-52.192778;3412.3;17;2;3;5;0;17.1;58;0
27/04/2017;A7;1;Nativa;NA;NA;-28.323611;-52.188056;3284.3;3;6;0;7;1;17.2;60;0
27/04/2017;A7;2;Nativa;NA;NA;-28.323611;-52.188056;3284.3;4;8;0;10;1;17.2;60;0
27/04/2017;A8;1;Pinus;NA;NA;-28.326111;-52.186667;5398;1;0;1;2;0;17.1;59;0
27/04/2017;A8;2;Pinus;NA;NA;-28.326111;-52.186667;5398;0;1;2;9;0;17.1;59;0
27/04/2017;A9;1;Araucaria;NA;NA;-28.327778;-52.189167;3412.3;26;4;41;13;3;17.5;60;0
27/04/2017;A9;2;Araucaria;NA;NA;-28.327778;-52.189167;3412.3;8;0;16;10;1;17.5;60;0
23/05/2017;A1;1;Pinus;NA;NA;-28.288056;-52.185833;7535;7;4;4;6;2;16.8;78;65
23/05/2017;A1;2;Pinus;Physalaemus_gracilis;1;-28.288056;-52.185833;7535;8;3;19;5;1;16.8;78;65
23/05/2017;A2;1;Nativa;NA;NA;-28.295833;-52.196944;2364.5;4;1;18;9;2;18;80;65
23/05/2017;A2;2;Nativa;NA;NA;-28.295833;-52.196944;2364.5;8;0;1;1;1;18;80;65
23/05/2017;A3;1;Araucaria;NA;NA;-28.300833;-52.201667;4926.1;5;3;1;3;2;16.8;79;65
23/05/2017;A3;2;Araucaria;NA;NA;-28.300833;-52.201667;4926.1;NA;NA;NA;NA;NA;16.8;79;65
23/05/2017;A4;1;Nativa;NA;NA;-28.321111;-52.201667;2364.5;5;1;5;5;3;17;78;65
23/05/2017;A4;2;Nativa;NA;NA;-28.321111;-52.201667;2364.5;3;2;8;13;0;17;78;65
23/05/2017;A5;1;Pinus;NA;NA;-28.318333;-52.199722;7535;6;2;2;8;0;17.6;80;65
23/05/2017;A5;2;Pinus;NA;NA;-28.318333;-52.199722;7535;6;0;5;4;1;17.6;80;65
23/05/2017;A6;1;Araucaria;NA;NA;-28.320556;-52.192778;4926.1;8;0;0;6;0;18.2;79;65
23/05/2017;A6;2;Araucaria;NA;NA;-28.320556;-52.192778;4926.1;3;1;0;1;1;18.2;79;65
23/05/2017;A7;1;Nativa;NA;NA;-28.323611;-52.188056;2364.5;6;9;0;7;0;17.8;79;65
23/05/2017;A7;2;Nativa;NA;NA;-28.323611;-52.188056;2364.5;5;0;2;9;0;17.8;79;65
23/05/2017;A8;1;Pinus;NA;NA;-28.326111;-52.186667;7535;4;1;2;6;1;19.4;77;65
23/05/2017;A8;2;Pinus;NA;NA;-28.326111;-52.186667;7535;10;3;3;7;1;19.4;77;65
23/05/2017;A9;1;Araucaria;NA;NA;-28.327778;-52.189167;4926.1;26;3;11;19;1;20.1;70;65
23/05/2017;A9;2;Araucaria;NA;NA;-28.327778;-52.189167;4926.1;31;2;3;4;0;20.1;70;65
24/05/2017;A1;1;Pinus;NA;NA;-28.288056;-52.185833;7535;7;4;4;6;2;20.7;74;0
24/05/2017;A1;2;Pinus;NA;NA;-28.288056;-52.185833;7535;8;3;19;5;1;20.7;74;0
24/05/2017;A2;1;Nativa;Physalaemus_gracilis;1;-28.295833;-52.196944;2364.5;4;1;18;9;2;19.7;81;0
24/05/2017;A2;2;Nativa;Physalaemus_gracilis;1;-28.295833;-52.196944;2364.5;8;0;1;1;1;19.7;81;0
24/05/2017;A3;1;Araucaria;Physalaemus_gracilis;1;-28.300833;-52.201667;4926.1;5;3;1;3;2;18.2;86;0
24/05/2017;A3;2;Araucaria;Physalaemus_gracilis;1;-28.300833;-52.201667;4926.1;NA;NA;NA;NA;NA;18.2;86;0
24/05/2017;A4;1;Nativa;NA;NA;-28.321111;-52.201667;2364.5;5;1;5;5;3;17.8;92;0
24/05/2017;A4;2;Nativa;Rhinella_henseli;1;-28.321111;-52.201667;2364.5;3;2;8;13;0;17.8;92;0
24/05/2017;A5;1;Pinus;NA;NA;-28.318333;-52.199722;7535;6;2;2;8;0;18;94;0
24/05/2017;A5;2;Pinus;NA;NA;-28.318333;-52.199722;7535;6;0;5;4;1;18;94;0
24/05/2017;A6;1;Araucaria;NA;NA;-28.320556;-52.192778;4926.1;8;0;0;6;0;18;95;0
24/05/2017;A6;2;Araucaria;NA;NA;-28.320556;-52.192778;4926.1;3;1;0;1;1;18;95;0
24/05/2017;A7;1;Nativa;Rhinella_icterica;1;-28.323611;-52.188056;2364.5;6;9;0;7;0;18;97;0
24/05/2017;A7;1;Nativa;Physalaemus_gracilis;1;-28.323611;-52.188056;2364.5;6;9;0;7;0;18;97;0
24/05/2017;A7;2;Nativa;NA;NA;-28.323611;-52.188056;2364.5;5;0;2;9;0;18;97;0
24/05/2017;A8;1;Pinus;Physalaemus_gracilis;1;-28.326111;-52.186667;7535;4;1;2;6;1;17.8;98;0
24/05/2017;A8;2;Pinus;Physalaemus_gracilis;1;-28.326111;-52.186667;7535;10;3;3;7;1;17.8;98;0
24/05/2017;A9;1;Araucaria;NA;NA;-28.327778;-52.189167;4926.1;26;3;11;19;1;18.6;99;0
24/05/2017;A9;2;Araucaria;NA;NA;-28.327778;-52.189167;4926.1;31;2;3;4;0;18.6;99;0
25/05/2017;A1;1;Pinus;NA;NA;-28.288056;-52.185833;7535;7;4;4;6;2;22.5;82;0
25/05/2017;A1;2;Pinus;NA;NA;-28.288056;-52.185833;7535;8;3;19;5;1;22.5;82;0
25/05/2017;A2;1;Nativa;NA;NA;-28.295833;-52.196944;2364.5;4;1;18;9;2;23.9;76;0
25/05/2017;A2;2;Nativa;Rhinella_henseli;1;-28.295833;-52.196944;2364.5;8;0;1;1;1;23.9;76;0
25/05/2017;A2;2;Nativa;Physalaemus_gracilis;2;-28.295833;-52.196944;2364.5;8;0;1;1;1;23.9;76;0
25/05/2017;A3;1;Araucaria;Rhinella_henseli;1;-28.300833;-52.201667;4926.1;5;3;1;3;2;23.6;77;0
25/05/2017;A3;2;Araucaria;Rhinella_henseli;1;-28.300833;-52.201667;4926.1;NA;NA;NA;NA;NA;23.6;77;0
25/05/2017;A4;1;Nativa;NA;NA;-28.321111;-52.201667;2364.5;5;1;5;5;3;23.3;81;0
25/05/2017;A4;2;Nativa;NA;NA;-28.321111;-52.201667;2364.5;3;2;8;13;0;23.3;81;0
25/05/2017;A5;1;Pinus;NA;NA;-28.318333;-52.199722;7535;6;2;2;8;0;24.4;82;0
25/05/2017;A5;2;Pinus;Physalaemus_gracilis;1;-28.318333;-52.199722;7535;6;0;5;4;1;24.4;82;0
25/05/2017;A6;1;Araucaria;NA;NA;-28.320556;-52.192778;4926.1;8;0;0;6;0;23.6;80;0
25/05/2017;A6;2;Araucaria;Rhinella_henseli;1;-28.320556;-52.192778;4926.1;3;1;0;1;1;23.6;80;0
25/05/2017;A7;1;Nativa;Physalaemus_gracilis;1;-28.323611;-52.188056;2364.5;6;9;0;7;0;24;85;0
25/05/2017;A7;2;Nativa;Rhinella_henseli;1;-28.323611;-52.188056;2364.5;5;0;2;9;0;24;85;0
25/05/2017;A8;1;Pinus;NA;NA;-28.326111;-52.186667;7535;4;1;2;6;1;23;87;0
25/05/2017;A8;2;Pinus;NA;NA;-28.326111;-52.186667;7535;10;3;3;7;1;23;87;0
25/05/2017;A9;1;Araucaria;Rhinella_henseli;1;-28.327778;-52.189167;4926.1;26;3;11;19;1;23.1;92;0
25/05/2017;A9;2;Araucaria;Rhinella_henseli;2;-28.327778;-52.189167;4926.1;31;2;3;4;0;23.1;92;0
25/05/2017;A9;2;Araucaria;Physalaemus_gracilis;3;-28.327778;-52.189167;4926.1;31;2;3;4;0;23.1;92;0
20/06/2017;A1;1;Pinus;NA;NA;-28.288056;-52.185833;3745;8;0;6;3;2;12;56;0
20/06/2017;A1;2;Pinus;NA;NA;-28.288056;-52.185833;3745;13;0;0;2;1;12;56;0
20/06/2017;A2;1;Nativa;NA;NA;-28.295833;-52.196944;3033.8;17;0;2;1;0;11.6;59;0
20/06/2017;A2;2;Nativa;NA;NA;-28.295833;-52.196944;3033.8;1;1;3;0;0;11.6;59;0
20/06/2017;A3;1;Araucaria;NA;NA;-28.300833;-52.201667;7140.6;2;5;0;1;0;14.3;55;0
20/06/2017;A3;2;Araucaria;NA;NA;-28.300833;-52.201667;7140.6;NA;NA;NA;NA;NA;14.3;55;0
20/06/2017;A4;1;Nativa;NA;NA;-28.321111;-52.201667;3033.8;9;1;3;9;1;11.4;63;0
20/06/2017;A4;2;Nativa;NA;NA;-28.321111;-52.201667;3033.8;20;0;2;5;1;11.4;63;0
20/06/2017;A5;1;Pinus;NA;NA;-28.318333;-52.199722;3745;14;1;2;1;1;12.4;69;0
20/06/2017;A5;2;Pinus;NA;NA;-28.318333;-52.199722;3745;13;0;8;7;1;12.4;69;0
20/06/2017;A6;1;Araucaria;NA;NA;-28.320556;-52.192778;7140.6;7;0;1;0;0;12.6;65;0
20/06/2017;A6;2;Araucaria;NA;NA;-28.320556;-52.192778;7140.6;14;0;1;4;0;12.6;65;0
20/06/2017;A7;1;Nativa;NA;NA;-28.323611;-52.188056;3033.8;0;1;0;5;0;16.3;60;0
20/06/2017;A7;2;Nativa;NA;NA;-28.323611;-52.188056;3033.8;44;0;2;1;1;16.3;60;0
20/06/2017;A8;1;Pinus;NA;NA;-28.326111;-52.186667;3745;4;0;6;2;0;15.1;59;0
20/06/2017;A8;2;Pinus;NA;NA;-28.326111;-52.186667;3745;19;1;1;2;0;15.1;59;0
20/06/2017;A9;1;Araucaria;NA;NA;-28.327778;-52.189167;7140.6;18;0;0;2;1;16.6;55;0
20/06/2017;A9;2;Araucaria;NA;NA;-28.327778;-52.189167;7140.6;22;0;7;3;2;16.6;55;0
21/06/2017;A1;1;Pinus;NA;NA;-28.288056;-52.185833;3745;8;0;6;3;2;16.5;84;0
21/06/2017;A1;2;Pinus;NA;NA;-28.288056;-52.185833;3745;13;0;0;2;1;16.5;84;0
21/06/2017;A2;1;Nativa;NA;NA;-28.295833;-52.196944;3033.8;17;0;2;1;0;NA;NA;0
21/06/2017;A2;2;Nativa;NA;NA;-28.295833;-52.196944;3033.8;1;1;3;0;0;NA;NA;0
21/06/2017;A3;1;Araucaria;NA;NA;-28.300833;-52.201667;7140.6;2;5;0;1;0;NA;NA;0
21/06/2017;A3;2;Araucaria;NA;NA;-28.300833;-52.201667;7140.6;NA;NA;NA;NA;NA;NA;NA;0
21/06/2017;A4;1;Nativa;NA;NA;-28.321111;-52.201667;3033.8;9;1;3;9;1;NA;NA;0
21/06/2017;A4;2;Nativa;NA;NA;-28.321111;-52.201667;3033.8;20;0;2;5;1;NA;NA;0
21/06/2017;A5;1;Pinus;NA;NA;-28.318333;-52.199722;3745;14;1;2;1;1;NA;NA;0
21/06/2017;A5;2;Pinus;NA;NA;-28.318333;-52.199722;3745;13;0;8;7;1;NA;NA;0
21/06/2017;A6;1;Araucaria;NA;NA;-28.320556;-52.192778;7140.6;7;0;1;0;0;NA;NA;0
21/06/2017;A6;2;Araucaria;NA;NA;-28.320556;-52.192778;7140.6;14;0;1;4;0;NA;NA;0
21/06/2017;A7;1;Nativa;NA;NA;-28.323611;-52.188056;3033.8;0;1;0;5;0;NA;NA;0
21/06/2017;A7;2;Nativa;NA;NA;-28.323611;-52.188056;3033.8;44;0;2;1;1;NA;NA;0
21/06/2017;A8;1;Pinus;NA;NA;-28.326111;-52.186667;3745;4;0;6;2;0;NA;NA;0
21/06/2017;A8;2;Pinus;NA;NA;-28.326111;-52.186667;3745;19;1;1;2;0;NA;NA;0
21/06/2017;A9;1;Araucaria;NA;NA;-28.327778;-52.189167;7140.6;18;0;0;2;1;NA;NA;0
21/06/2017;A9;2;Araucaria;NA;NA;-28.327778;-52.189167;7140.6;22;0;7;3;2;NA;NA;0
22/06/2017;A1;1;Pinus;NA;NA;-28.288056;-52.185833;3745;8;0;6;3;2;NA;NA;0
22/06/2017;A1;2;Pinus;NA;NA;-28.288056;-52.185833;3745;13;0;0;2;1;NA;NA;0
22/06/2017;A2;1;Nativa;NA;NA;-28.295833;-52.196944;3033.8;17;0;2;1;0;NA;NA;0
22/06/2017;A2;2;Nativa;NA;NA;-28.295833;-52.196944;3033.8;1;1;3;0;0;NA;NA;0
22/06/2017;A3;1;Araucaria;NA;NA;-28.300833;-52.201667;7140.6;2;5;0;1;0;NA;NA;0
22/06/2017;A3;2;Araucaria;NA;NA;-28.300833;-52.201667;7140.6;NA;NA;NA;NA;NA;NA;NA;0
22/06/2017;A4;1;Nativa;NA;NA;-28.321111;-52.201667;3033.8;9;1;3;9;1;NA;NA;0
22/06/2017;A4;2;Nativa;NA;NA;-28.321111;-52.201667;3033.8;20;0;2;5;1;NA;NA;0
22/06/2017;A5;1;Pinus;NA;NA;-28.318333;-52.199722;3745;14;1;2;1;1;NA;NA;0
22/06/2017;A5;2;Pinus;NA;NA;-28.318333;-52.199722;3745;13;0;8;7;1;NA;NA;0
22/06/2017;A6;1;Araucaria;NA;NA;-28.320556;-52.192778;7140.6;7;0;1;0;0;NA;NA;0
22/06/2017;A6;2;Araucaria;NA;NA;-28.320556;-52.192778;7140.6;14;0;1;4;0;NA;NA;0
22/06/2017;A7;1;Nativa;NA;NA;-28.323611;-52.188056;3033.8;0;1;0;5;0;NA;NA;0
22/06/2017;A7;2;Nativa;NA;NA;-28.323611;-52.188056;3033.8;44;0;2;1;1;NA;NA;0
22/06/2017;A8;1;Pinus;NA;NA;-28.326111;-52.186667;3745;4;0;6;2;0;NA;NA;0
22/06/2017;A8;2;Pinus;NA;NA;-28.326111;-52.186667;3745;19;1;1;2;0;NA;NA;0
22/06/2017;A9;1;Araucaria;NA;NA;-28.327778;-52.189167;7140.6;18;0;0;2;1;NA;NA;0
22/06/2017;A9;2;Araucaria;NA;NA;-28.327778;-52.189167;7140.6;22;0;7;3;2;NA;NA;0
25/07/2017;A1;1;Pinus;NA;NA;-28.288056;-52.185833;9470;29;2;6;0;0;NA;NA;0
25/07/2017;A1;2;Pinus;NA;NA;-28.288056;-52.185833;9470;51;0;16;2;1;NA;NA;0
25/07/2017;A2;1;Nativa;NA;NA;-28.295833;-52.196944;4438.4;13;0;36;5;0;NA;NA;0
25/07/2017;A2;2;Nativa;NA;NA;-28.295833;-52.196944;4438.4;9;0;12;2;0;NA;NA;0
25/07/2017;A3;1;Araucaria;NA;NA;-28.300833;-52.201667;3439.3;7;1;14;0;1;NA;NA;0
25/07/2017;A3;2;Araucaria;NA;NA;-28.300833;-52.201667;3439.3;NA;NA;NA;NA;NA;NA;NA;0
25/07/2017;A4;1;Nativa;NA;NA;-28.321111;-52.201667;4438.4;10;1;3;3;0;NA;NA;0
25/07/2017;A4;2;Nativa;NA;NA;-28.321111;-52.201667;4438.4;28;3;10;16;4;NA;NA;0
25/07/2017;A5;1;Pinus;NA;NA;-28.318333;-52.199722;9470;17;0;0;1;0;NA;NA;0
25/07/2017;A5;2;Pinus;NA;NA;-28.318333;-52.199722;9470;25;4;4;4;2;NA;NA;0
25/07/2017;A6;1;Araucaria;NA;NA;-28.320556;-52.192778;3439.3;1;0;69;0;0;NA;NA;0
25/07/2017;A6;2;Araucaria;NA;NA;-28.320556;-52.192778;3439.3;8;0;1;1;0;NA;NA;0
25/07/2017;A7;1;Nativa;NA;NA;-28.323611;-52.188056;4438.4;3;1;0;1;0;NA;NA;0
25/07/2017;A7;2;Nativa;NA;NA;-28.323611;-52.188056;4438.4;29;0;42;3;2;NA;NA;0
25/07/2017;A8;1;Pinus;NA;NA;-28.326111;-52.186667;9470;21;1;5;4;0;NA;NA;0
25/07/2017;A8;2;Pinus;NA;NA;-28.326111;-52.186667;9470;31;0;2;0;3;NA;NA;0
25/07/2017;A9;1;Araucaria;NA;NA;-28.327778;-52.189167;3439.3;9;0;1;5;2;NA;NA;0
25/07/2017;A9;2;Araucaria;NA;NA;-28.327778;-52.189167;3439.3;NA;NA;NA;NA;NA;NA;NA;0
26/07/2017;A1;1;Pinus;NA;NA;-28.288056;-52.185833;9470;29;2;6;0;0;NA;NA;0
26/07/2017;A1;2;Pinus;NA;NA;-28.288056;-52.185833;9470;51;0;16;2;1;NA;NA;0
26/07/2017;A2;1;Nativa;NA;NA;-28.295833;-52.196944;4438.4;13;0;36;5;0;NA;NA;0
26/07/2017;A2;2;Nativa;NA;NA;-28.295833;-52.196944;4438.4;9;0;12;2;0;NA;NA;0
26/07/2017;A3;1;Araucaria;NA;NA;-28.300833;-52.201667;3439.3;7;1;14;0;1;NA;NA;0
26/07/2017;A3;2;Araucaria;NA;NA;-28.300833;-52.201667;3439.3;NA;NA;NA;NA;NA;NA;NA;0
26/07/2017;A4;1;Nativa;NA;NA;-28.321111;-52.201667;4438.4;10;1;3;3;0;NA;NA;0
26/07/2017;A4;2;Nativa;NA;NA;-28.321111;-52.201667;4438.4;28;3;10;16;4;NA;NA;0
26/07/2017;A5;1;Pinus;NA;NA;-28.318333;-52.199722;9470;17;0;0;1;0;NA;NA;0
26/07/2017;A5;2;Pinus;NA;NA;-28.318333;-52.199722;9470;25;4;4;4;2;NA;NA;0
26/07/2017;A6;1;Araucaria;NA;NA;-28.320556;-52.192778;3439.3;1;0;69;0;0;NA;NA;0
26/07/2017;A6;2;Araucaria;NA;NA;-28.320556;-52.192778;3439.3;8;0;1;1;0;NA;NA;0
26/07/2017;A7;1;Nativa;NA;NA;-28.323611;-52.188056;4438.4;3;1;0;1;0;NA;NA;0
26/07/2017;A7;2;Nativa;NA;NA;-28.323611;-52.188056;4438.4;29;0;42;3;2;NA;NA;0
26/07/2017;A8;1;Pinus;NA;NA;-28.326111;-52.186667;9470;21;1;5;4;0;NA;NA;0
26/07/2017;A8;2;Pinus;NA;NA;-28.326111;-52.186667;9470;31;0;2;0;3;NA;NA;0
26/07/2017;A9;1;Araucaria;NA;NA;-28.327778;-52.189167;3439.3;9;0;1;5;2;NA;NA;0
26/07/2017;A9;2;Araucaria;NA;NA;-28.327778;-52.189167;3439.3;NA;NA;NA;NA;NA;NA;NA;0
27/07/2017;A1;1;Pinus;NA;NA;-28.288056;-52.185833;9470;29;2;6;0;0;NA;NA;0
27/07/2017;A1;2;Pinus;NA;NA;-28.288056;-52.185833;9470;51;0;16;2;1;NA;NA;0
27/07/2017;A2;1;Nativa;NA;NA;-28.295833;-52.196944;4438.4;13;0;36;5;0;NA;NA;0
27/07/2017;A2;2;Nativa;NA;NA;-28.295833;-52.196944;4438.4;9;0;12;2;0;NA;NA;0
27/07/2017;A3;1;Araucaria;NA;NA;-28.300833;-52.201667;3439.3;7;1;14;0;1;NA;NA;0
27/07/2017;A3;2;Araucaria;NA;NA;-28.300833;-52.201667;3439.3;NA;NA;NA;NA;NA;NA;NA;0
27/07/2017;A4;1;Nativa;NA;NA;-28.321111;-52.201667;4438.4;10;1;3;3;0;NA;NA;0
27/07/2017;A4;2;Nativa;NA;NA;-28.321111;-52.201667;4438.4;28;3;10;16;4;NA;NA;0
27/07/2017;A5;1;Pinus;NA;NA;-28.318333;-52.199722;9470;17;0;0;1;0;NA;NA;0
27/07/2017;A5;2;Pinus;NA;NA;-28.318333;-52.199722;9470;25;4;4;4;2;NA;NA;0
27/07/2017;A6;1;Araucaria;NA;NA;-28.320556;-52.192778;3439.3;1;0;69;0;0;NA;NA;0
27/07/2017;A6;2;Araucaria;NA;NA;-28.320556;-52.192778;3439.3;8;0;1;1;0;NA;NA;0
27/07/2017;A7;1;Nativa;NA;NA;-28.323611;-52.188056;4438.4;3;1;0;1;0;NA;NA;0
27/07/2017;A7;2;Nativa;NA;NA;-28.323611;-52.188056;4438.4;29;0;42;3;2;NA;NA;0
27/07/2017;A8;1;Pinus;NA;NA;-28.326111;-52.186667;9470;21;1;5;4;0;NA;NA;0
27/07/2017;A8;2;Pinus;NA;NA;-28.326111;-52.186667;9470;31;0;2;0;3;NA;NA;0
27/07/2017;A9;1;Araucaria;NA;NA;-28.327778;-52.189167;3439.3;9;0;1;5;2;NA;NA;0
27/07/2017;A9;2;Araucaria;NA;NA;-28.327778;-52.189167;3439.3;NA;NA;NA;NA;NA;NA;NA;0
22/08/2017;A1;1;Pinus;NA;NA;-28.288056;-52.185833;3755;20;6;8;7;0;NA;NA;0
22/08/2017;A1;2;Pinus;NA;NA;-28.288056;-52.185833;3755;39;5;3;3;0;NA;NA;0
22/08/2017;A2;1;Nativa;NA;NA;-28.295833;-52.196944;3425;18;8;2;5;1;NA;NA;0
22/08/2017;A2;2;Nativa;NA;NA;-28.295833;-52.196944;3425;2;0;9;12;2;NA;NA;0
22/08/2017;A3;1;Araucaria;NA;NA;-28.300833;-52.201667;6565;4;5;1;10;0;NA;NA;0
22/08/2017;A3;2;Araucaria;NA;NA;-28.300833;-52.201667;6565;8;4;19;6;1;NA;NA;0
22/08/2017;A4;1;Nativa;NA;NA;-28.321111;-52.201667;3425;3;15;0;6;0;NA;NA;0
22/08/2017;A4;2;Nativa;NA;NA;-28.321111;-52.201667;3425;1;3;5;8;1;NA;NA;0
22/08/2017;A5;1;Pinus;NA;NA;-28.318333;-52.199722;3755;17;6;0;12;0;NA;NA;0
22/08/2017;A5;2;Pinus;NA;NA;-28.318333;-52.199722;3755;35;13;6;4;1;NA;NA;0
22/08/2017;A6;1;Araucaria;NA;NA;-28.320556;-52.192778;6565;5;13;0;4;1;NA;NA;0
22/08/2017;A6;2;Araucaria;NA;NA;-28.320556;-52.192778;6565;45;12;2;3;0;NA;NA;0
22/08/2017;A7;1;Nativa;NA;NA;-28.323611;-52.188056;3425;8;9;0;8;1;NA;NA;0
22/08/2017;A7;2;Nativa;NA;NA;-28.323611;-52.188056;3425;24;8;2;7;4;NA;NA;0
22/08/2017;A8;1;Pinus;NA;NA;-28.326111;-52.186667;3755;12;5;5;4;0;NA;NA;0
22/08/2017;A8;2;Pinus;NA;NA;-28.326111;-52.186667;3755;14;8;4;3;0;NA;NA;0
22/08/2017;A9;1;Araucaria;NA;NA;-28.327778;-52.189167;6565;68;7;7;30;0;NA;NA;0
22/08/2017;A9;2;Araucaria;NA;NA;-28.327778;-52.189167;6565;100;5;18;4;3;NA;NA;0
23/08/2017;A1;1;Pinus;NA;NA;-28.288056;-52.185833;3755;20;6;8;7;0;NA;NA;0
23/08/2017;A1;2;Pinus;NA;NA;-28.288056;-52.185833;3755;39;5;3;3;0;NA;NA;0
23/08/2017;A2;1;Nativa;NA;NA;-28.295833;-52.196944;3425;18;8;2;5;1;NA;NA;0
23/08/2017;A2;2;Nativa;NA;NA;-28.295833;-52.196944;3425;2;0;9;12;2;NA;NA;0
23/08/2017;A3;1;Araucaria;NA;NA;-28.300833;-52.201667;6565;4;5;1;10;0;NA;NA;0
23/08/2017;A3;2;Araucaria;NA;NA;-28.300833;-52.201667;6565;8;4;19;6;1;NA;NA;0
23/08/2017;A4;1;Nativa;NA;NA;-28.321111;-52.201667;3425;3;15;0;6;0;NA;NA;0
23/08/2017;A4;2;Nativa;NA;NA;-28.321111;-52.201667;3425;1;3;5;8;1;NA;NA;0
23/08/2017;A5;1;Pinus;NA;NA;-28.318333;-52.199722;3755;17;6;0;12;0;NA;NA;0
23/08/2017;A5;2;Pinus;NA;NA;-28.318333;-52.199722;3755;35;13;6;4;1;NA;NA;0
23/08/2017;A6;1;Araucaria;NA;NA;-28.320556;-52.192778;6565;5;13;0;4;1;NA;NA;0
23/08/2017;A6;2;Araucaria;NA;NA;-28.320556;-52.192778;6565;45;12;2;3;0;NA;NA;0
23/08/2017;A7;1;Nativa;NA;NA;-28.323611;-52.188056;3425;8;9;0;8;1;NA;NA;0
23/08/2017;A7;2;Nativa;NA;NA;-28.323611;-52.188056;3425;24;8;2;7;4;NA;NA;0
23/08/2017;A8;1;Pinus;NA;NA;-28.326111;-52.186667;3755;12;5;5;4;0;NA;NA;0
23/08/2017;A8;2;Pinus;NA;NA;-28.326111;-52.186667;3755;14;8;4;3;0;NA;NA;0
23/08/2017;A9;1;Araucaria;NA;NA;-28.327778;-52.189167;6565;68;7;7;30;0;NA;NA;0
23/08/2017;A9;2;Araucaria;NA;NA;-28.327778;-52.189167;6565;100;5;18;4;3;NA;NA;0
24/08/2017;A1;1;Pinus;NA;NA;-28.288056;-52.185833;3755;20;6;8;7;0;20.1;74.8;0
24/08/2017;A1;2;Pinus;NA;NA;-28.288056;-52.185833;3755;39;5;3;3;0;20.1;74.8;0
24/08/2017;A2;1;Nativa;NA;NA;-28.295833;-52.196944;3425;18;8;2;5;1;18.5;80.3;0
24/08/2017;A2;2;Nativa;Physalaemus_gracilis;1;-28.295833;-52.196944;3425;2;0;9;12;2;18.5;80.3;0
24/08/2017;A3;1;Araucaria;NA;NA;-28.300833;-52.201667;6565;4;5;1;10;0;18.4;77.7;0
24/08/2017;A3;2;Araucaria;NA;NA;-28.300833;-52.201667;6565;8;4;19;6;1;18.4;77.7;0
24/08/2017;A4;1;Nativa;NA;NA;-28.321111;-52.201667;3425;3;15;0;6;0;18.6;79.3;0
24/08/2017;A4;2;Nativa;NA;NA;-28.321111;-52.201667;3425;1;3;5;8;1;18.6;79.3;0
24/08/2017;A5;1;Pinus;NA;NA;-28.318333;-52.199722;3755;17;6;0;12;0;18.9;76.3;0
24/08/2017;A5;2;Pinus;NA;NA;-28.318333;-52.199722;3755;35;13;6;4;1;18.9;76.3;0
24/08/2017;A6;1;Araucaria;Rhinella_henseli;1;-28.320556;-52.192778;6565;5;13;0;4;1;18.1;84.4;0
24/08/2017;A6;2;Araucaria;NA;NA;-28.320556;-52.192778;6565;45;12;2;3;0;18.1;84.4;0
24/08/2017;A7;1;Nativa;NA;NA;-28.323611;-52.188056;3425;8;9;0;8;1;19.8;80.9;0
24/08/2017;A7;2;Nativa;NA;NA;-28.323611;-52.188056;3425;24;8;2;7;4;19.8;80.9;0
24/08/2017;A8;1;Pinus;NA;NA;-28.326111;-52.186667;3755;12;5;5;4;0;20.5;80.9;0
24/08/2017;A8;2;Pinus;NA;NA;-28.326111;-52.186667;3755;14;8;4;3;0;20.5;80.9;0
24/08/2017;A9;1;Araucaria;NA;NA;-28.327778;-52.189167;6565;68;7;7;30;0;21.3;79.7;0
24/08/2017;A9;2;Araucaria;NA;NA;-28.327778;-52.189167;6565;100;5;18;4;3;21.3;79.7;0
05/09/2017;A1;1;Pinus;NA;NA;-28.288056;-52.185833;6021;33;29;14;21;4;20.8;76.8;0
05/09/2017;A1;2;Pinus;NA;NA;-28.288056;-52.185833;6021;56;20;21;8;2;20.8;76.8;0
05/09/2017;A2;1;Nativa;NA;NA;-28.295833;-52.196944;4850;18;16;6;9;1;20.5;76.2;0
05/09/2017;A2;2;Nativa;Physalaemus_gracilis;1;-28.295833;-52.196944;4850;27;7;8;8;0;20.5;76.2;0
05/09/2017;A3;1;Araucaria;NA;NA;-28.300833;-52.201667;3475;23;3;5;3;0;20.3;77;0
05/09/2017;A3;2;Araucaria;NA;NA;-28.300833;-52.201667;3475;24;9;14;4;1;20.3;77;0
05/09/2017;A4;1;Nativa;NA;NA;-28.321111;-52.201667;4850;7;39;16;10;2;20.3;82.4;0
05/09/2017;A4;2;Nativa;NA;NA;-28.321111;-52.201667;4850;8;27;8;3;3;20.3;82.4;0
05/09/2017;A5;1;Pinus;NA;NA;-28.318333;-52.199722;6021;19;18;3;16;2;21.4;70;0
05/09/2017;A5;2;Pinus;NA;NA;-28.318333;-52.199722;6021;30;16;11;8;4;21.4;70;0
05/09/2017;A6;1;Araucaria;NA;NA;-28.320556;-52.192778;3475;10;34;3;8;2;21.6;79.2;0
05/09/2017;A6;2;Araucaria;NA;NA;-28.320556;-52.192778;3475;13;8;0;0;0;21.6;79.2;0
05/09/2017;A7;1;Nativa;NA;NA;-28.323611;-52.188056;4850;20;25;14;8;2;21.8;76.7;0
05/09/2017;A7;2;Nativa;NA;NA;-28.323611;-52.188056;4850;46;10;5;8;4;21.8;76.7;0
05/09/2017;A8;1;Pinus;NA;NA;-28.326111;-52.186667;6021;9;12;7;27;1;21.7;77.1;0
05/09/2017;A8;2;Pinus;NA;NA;-28.326111;-52.186667;6021;12;9;3;41;0;21.7;77.1;0
05/09/2017;A9;1;Araucaria;NA;NA;-28.327778;-52.189167;3475;39;10;3;2;0;21.3;71.2;0
05/09/2017;A9;2;Araucaria;NA;NA;-28.327778;-52.189167;3475;19;11;1;4;1;21.3;71.2;0
06/09/2017;A1;1;Pinus;NA;NA;-28.288056;-52.185833;6021;33;29;14;21;4;19.2;79.8;0
06/09/2017;A1;2;Pinus;NA;NA;-28.288056;-52.185833;6021;56;20;21;8;2;19.2;79.8;0
06/09/2017;A2;1;Nativa;NA;NA;-28.295833;-52.196944;4850;18;16;6;9;1;18.7;85.6;0
06/09/2017;A2;2;Nativa;NA;NA;-28.295833;-52.196944;4850;27;7;8;8;0;18.7;85.6;0
06/09/2017;A3;1;Araucaria;NA;NA;-28.300833;-52.201667;3475;23;3;5;3;0;19.7;79.2;0
06/09/2017;A3;2;Araucaria;NA;NA;-28.300833;-52.201667;3475;24;9;14;4;1;19.7;79.2;0
06/09/2017;A4;1;Nativa;NA;NA;-28.321111;-52.201667;4850;7;39;16;10;2;21;76.2;0
06/09/2017;A4;2;Nativa;NA;NA;-28.321111;-52.201667;4850;8;27;8;3;3;21;76.2;0
06/09/2017;A5;1;Pinus;NA;NA;-28.318333;-52.199722;6021;19;18;3;16;2;21.8;76.2;0
06/09/2017;A5;2;Pinus;NA;NA;-28.318333;-52.199722;6021;30;16;11;8;4;21.8;76.2;0
06/09/2017;A6;1;Araucaria;NA;NA;-28.320556;-52.192778;3475;10;34;3;8;2;22.7;73.6;0
06/09/2017;A6;2;Araucaria;NA;NA;-28.320556;-52.192778;3475;13;8;0;0;0;22.7;73.6;0
06/09/2017;A7;1;Nativa;NA;NA;-28.323611;-52.188056;4850;20;25;14;8;2;22.6;73.1;0
06/09/2017;A7;2;Nativa;NA;NA;-28.323611;-52.188056;4850;46;10;5;8;4;22.6;73.1;0
06/09/2017;A8;1;Pinus;NA;NA;-28.326111;-52.186667;6021;9;12;7;27;1;20.8;74.2;0
06/09/2017;A8;2;Pinus;NA;NA;-28.326111;-52.186667;6021;12;9;3;41;0;20.8;74.2;0
06/09/2017;A9;1;Araucaria;NA;NA;-28.327778;-52.189167;3475;39;10;3;2;0;21.5;81.2;0
06/09/2017;A9;2;Araucaria;NA;NA;-28.327778;-52.189167;3475;19;11;1;4;1;21.5;81.2;0
07/09/2017;A1;1;Pinus;NA;NA;-28.288056;-52.185833;6021;33;29;14;21;4;26.9;64.8;0
07/09/2017;A1;2;Pinus;NA;NA;-28.288056;-52.185833;6021;56;20;21;8;2;26.9;64.8;0
07/09/2017;A2;1;Nativa;NA;NA;-28.295833;-52.196944;4850;18;16;6;9;1;26.1;56.3;0
07/09/2017;A2;2;Nativa;Physalaemus_gracilis;1;-28.295833;-52.196944;4850;27;7;8;8;0;26.1;56.3;0
07/09/2017;A3;1;Araucaria;NA;NA;-28.300833;-52.201667;3475;23;3;5;3;0;25.8;51.9;0
07/09/2017;A3;2;Araucaria;NA;NA;-28.300833;-52.201667;3475;24;9;14;4;1;25.8;51.9;0
07/09/2017;A4;1;Nativa;NA;NA;-28.321111;-52.201667;4850;7;39;16;10;2;26.6;58.6;0
07/09/2017;A4;2;Nativa;NA;NA;-28.321111;-52.201667;4850;8;27;8;3;3;26.6;58.6;0
07/09/2017;A5;1;Pinus;NA;NA;-28.318333;-52.199722;6021;19;18;3;16;2;26.3;45.7;0
07/09/2017;A5;2;Pinus;NA;NA;-28.318333;-52.199722;6021;30;16;11;8;4;26.3;45.7;0
07/09/2017;A6;1;Araucaria;NA;NA;-28.320556;-52.192778;3475;10;34;3;8;2;26.1;59.9;0
07/09/2017;A6;2;Araucaria;NA;NA;-28.320556;-52.192778;3475;13;8;0;0;0;26.1;59.9;0
07/09/2017;A7;1;Nativa;NA;NA;-28.323611;-52.188056;4850;20;25;14;8;2;25.4;62.7;0
07/09/2017;A7;2;Nativa;Physalaemus_gracilis;1;-28.323611;-52.188056;4850;46;10;5;8;4;25.4;62.7;0
07/09/2017;A8;1;Pinus;NA;NA;-28.326111;-52.186667;6021;9;12;7;27;1;25.3;60.7;0
07/09/2017;A8;2;Pinus;NA;NA;-28.326111;-52.186667;6021;12;9;3;41;0;25.3;60.7;0
07/09/2017;A9;1;Araucaria;NA;NA;-28.327778;-52.189167;3475;39;10;3;2;0;24.3;66.6;0
07/09/2017;A9;2;Araucaria;Rhinella_henseli;1;-28.327778;-52.189167;3475;19;11;1;4;1;24.3;66.6;0
17/10/2017;A1;1;Pinus;NA;NA;-28.288056;-52.185833;7714;119;104;23;6;4;20.4;72.3;0
17/10/2017;A1;2;Pinus;NA;NA;-28.288056;-52.185833;7714;63;88;10;11;13;20.4;72.3;0
17/10/2017;A2;1;Nativa;Rhinella_henseli;1;-28.295833;-52.196944;3428;15;125;20;13;6;19.3;66.3;0
17/10/2017;A2;2;Nativa;Physalaemus_gracilis;1;-28.295833;-52.196944;3428;56;36;12;13;0;19.3;66.3;0
17/10/2017;A3;1;Araucaria;NA;NA;-28.300833;-52.201667;6314;19;66;7;14;3;20;74.9;0
17/10/2017;A3;2;Araucaria;NA;NA;-28.300833;-52.201667;6314;34;56;8;15;2;20;74.9;0
17/10/2017;A4;1;Nativa;NA;NA;-28.321111;-52.201667;3428;30;63;14;23;7;18.8;68.3;0
17/10/2017;A4;2;Nativa;NA;NA;-28.321111;-52.201667;3428;33;43;18;14;4;18.8;68.3;0
17/10/2017;A5;1;Pinus;NA;NA;-28.318333;-52.199722;7714;115;42;7;18;2;19;62.4;0
17/10/2017;A5;2;Pinus;NA;NA;-28.318333;-52.199722;7714;70;29;14;21;2;19;62.4;0
17/10/2017;A6;1;Araucaria;NA;NA;-28.320556;-52.192778;6314;39;89;4;21;3;20;66.7;0
17/10/2017;A6;2;Araucaria;NA;NA;-28.320556;-52.192778;6314;88;33;4;17;0;20;66.7;0
17/10/2017;A7;1;Nativa;NA;NA;-28.323611;-52.188056;3428;15;104;1;25;1;21.8;64.1;0
17/10/2017;A7;2;Nativa;NA;NA;-28.323611;-52.188056;3428;27;113;17;28;6;21.8;64.1;0
17/10/2017;A8;1;Pinus;Rhinella_henseli;1;-28.326111;-52.186667;7714;68;59;16;15;5;20.9;78.8;0
17/10/2017;A8;2;Pinus;NA;NA;-28.326111;-52.186667;7714;36;47;5;22;6;20.9;78.8;0
17/10/2017;A9;1;Araucaria;NA;NA;-28.327778;-52.189167;6314;32;84;5;14;3;21.9;76.7;0
17/10/2017;A9;2;Araucaria;NA;NA;-28.327778;-52.189167;6314;19;37;5;20;3;21.9;76.7;0
18/10/2017;A1;1;Pinus;NA;NA;-28.288056;-52.185833;7714;119;104;23;6;4;21.8;75.1;30
18/10/2017;A1;2;Pinus;NA;NA;-28.288056;-52.185833;7714;63;88;10;11;13;21.8;75.1;30
18/10/2017;A2;1;Nativa;NA;NA;-28.295833;-52.196944;3428;15;125;20;13;6;22.3;76;30
18/10/2017;A2;2;Nativa;Physalaemus_cuvieri;1;-28.295833;-52.196944;3428;56;36;12;13;0;22.3;76;30
18/10/2017;A2;2;Nativa;Physalaemus_gracilis;1;-28.295833;-52.196944;3428;56;36;12;13;0;22.3;76;30
18/10/2017;A3;1;Araucaria;NA;NA;-28.300833;-52.201667;6314;19;66;7;14;3;22.6;74.5;30
18/10/2017;A3;2;Araucaria;NA;NA;-28.300833;-52.201667;6314;34;56;8;15;2;22.6;74.5;30
18/10/2017;A4;1;Nativa;NA;NA;-28.321111;-52.201667;3428;30;63;14;23;7;23.3;71.5;30
18/10/2017;A4;2;Nativa;NA;NA;-28.321111;-52.201667;3428;33;43;18;14;4;23.3;71.5;30
18/10/2017;A5;1;Pinus;NA;NA;-28.318333;-52.199722;7714;115;42;7;18;2;23.3;67.6;30
18/10/2017;A5;2;Pinus;NA;NA;-28.318333;-52.199722;7714;70;29;14;21;2;23.3;67.6;30
18/10/2017;A6;1;Araucaria;NA;NA;-28.320556;-52.192778;6314;39;89;4;21;3;23.1;72.5;30
18/10/2017;A6;2;Araucaria;NA;NA;-28.320556;-52.192778;6314;88;33;4;17;0;23.1;72.5;30
18/10/2017;A7;1;Nativa;NA;NA;-28.323611;-52.188056;3428;15;104;1;25;1;23.3;69;30
18/10/2017;A7;2;Nativa;NA;NA;-28.323611;-52.188056;3428;27;113;17;28;6;23.3;69;30
18/10/2017;A8;1;Pinus;NA;NA;-28.326111;-52.186667;7714;68;59;16;15;5;22.8;79.1;30
18/10/2017;A8;2;Pinus;NA;NA;-28.326111;-52.186667;7714;36;47;5;22;6;22.8;79.1;30
18/10/2017;A9;1;Araucaria;NA;NA;-28.327778;-52.189167;6314;32;84;5;14;3;23.2;76;30
18/10/2017;A9;2;Araucaria;NA;NA;-28.327778;-52.189167;6314;19;37;5;20;3;23.2;76;30
19/10/2017;A1;1;Pinus;Rhinella_henseli;3;-28.288056;-52.185833;7714;119;104;23;6;4;19;78;0
19/10/2017;A1;1;Pinus;Rhinella_icterica;2;-28.288056;-52.185833;7714;119;104;23;6;4;19;78;0
19/10/2017;A1;2;Pinus;Rhinella_icterica;1;-28.288056;-52.185833;7714;63;88;10;11;13;19;78;0
19/10/2017;A1;2;Pinus;Physalaemus_cuvieri;1;-28.288056;-52.185833;7714;63;88;10;11;13;19;78;0
19/10/2017;A2;1;Nativa;Physalaemus_gracilis;2;-28.295833;-52.196944;3428;15;125;20;13;6;18.9;85;0
19/10/2017;A2;1;Nativa;Physalaemus_cuvieri;2;-28.295833;-52.196944;3428;15;125;20;13;6;18.9;85;0
19/10/2017;A2;2;Nativa;Physalaemus_gracilis;8;-28.295833;-52.196944;3428;56;36;12;13;0;18.9;85;0
19/10/2017;A2;2;Nativa;Physalaemus_cuvieri;2;-28.295833;-52.196944;3428;56;36;12;13;0;18.9;85;0
19/10/2017;A3;1;Araucaria;Rhinella_henseli;1;-28.300833;-52.201667;6314;19;66;7;14;3;19.6;82;0
19/10/2017;A3;1;Araucaria;Physalaemus_gracilis;1;-28.300833;-52.201667;6314;19;66;7;14;3;19.6;82;0
19/10/2017;A3;2;Araucaria;Rhinella_henseli;3;-28.300833;-52.201667;6314;34;56;8;15;2;19.6;82;0
19/10/2017;A4;1;Nativa;Rhinella_henseli;2;-28.321111;-52.201667;3428;30;63;14;23;7;19.1;78.5;0
19/10/2017;A4;2;Nativa;Rhinella_henseli;3;-28.321111;-52.201667;3428;33;43;18;14;4;19.1;78.5;0
19/10/2017;A4;2;Nativa;Physalaemus_gracilis;1;-28.321111;-52.201667;3428;33;43;18;14;4;19.1;78.5;0
19/10/2017;A4;2;Nativa;Physalaemus_cuvieri;1;-28.321111;-52.201667;3428;33;43;18;14;4;19.1;78.5;0
19/10/2017;A5;1;Pinus;Physalaemus_gracilis;1;-28.318333;-52.199722;7714;115;42;7;18;2;18.7;89.7;0
19/10/2017;A5;2;Pinus;Physalaemus_gracilis;2;-28.318333;-52.199722;7714;70;29;14;21;2;18.7;89.7;0
19/10/2017;A5;2;Pinus;Rhinella_henseli;1;-28.318333;-52.199722;7714;70;29;14;21;2;18.7;89.7;0
19/10/2017;A6;1;Araucaria;NA;NA;-28.320556;-52.192778;6314;39;89;4;21;3;18.5;91.7;0
19/10/2017;A6;2;Araucaria;Rhinella_henseli;1;-28.320556;-52.192778;6314;88;33;4;17;0;18.5;91.7;0
19/10/2017;A7;1;Nativa;Rhinella_icterica;1;-28.323611;-52.188056;3428;15;104;1;25;1;19.1;88.5;0
19/10/2017;A7;1;Nativa;Physalaemus_gracilis;3;-28.323611;-52.188056;3428;15;104;1;25;1;19.1;88.5;0
19/10/2017;A7;2;Nativa;Rhinella_henseli;2;-28.323611;-52.188056;3428;27;113;17;28;6;19.1;88.5;0
19/10/2017;A7;2;Nativa;Physalaemus_gracilis;1;-28.323611;-52.188056;3428;27;113;17;28;6;19.1;88.5;0
19/10/2017;A8;1;Pinus;Rhinella_henseli;3;-28.326111;-52.186667;7714;68;59;16;15;5;19.7;85.3;0
19/10/2017;A8;2;Pinus;Rhinella_henseli;1;-28.326111;-52.186667;7714;36;47;5;22;6;19.7;85.3;0
19/10/2017;A9;1;Araucaria;Rhinella_henseli;2;-28.327778;-52.189167;6314;32;84;5;14;3;20.5;83.8;0
19/10/2017;A9;1;Araucaria;Physalaemus_gracilis;2;-28.327778;-52.189167;6314;32;84;5;14;3;20.5;83.8;0
19/10/2017;A9;1;Araucaria;Adenomera_araucaria;1;-28.327778;-52.189167;6314;32;84;5;14;3;20.5;83.8;0
19/10/2017;A9;2;Araucaria;Physalaemus_gracilis;1;-28.327778;-52.189167;6314;19;37;5;20;3;20.5;83.8;0
19/10/2017;A9;2;Araucaria;Physalaemus_cuvieri;1;-28.327778;-52.189167;6314;19;37;5;20;3;20.5;83.8;0
21/11/2017;A1;1;Pinus;NA;NA;-28.288056;-52.185833;6465;27;17;17;9;2;NA;NA;40
21/11/2017;A1;2;Pinus;NA;NA;-28.288056;-52.185833;6465;39;44;38;6;3;NA;NA;40
21/11/2017;A2;1;Nativa;NA;NA;-28.295833;-52.196944;4651;14;40;5;6;1;NA;NA;40
21/11/2017;A2;2;Nativa;NA;NA;-28.295833;-52.196944;4651;26;14;14;13;0;NA;NA;40
21/11/2017;A3;1;Araucaria;NA;NA;-28.300833;-52.201667;4495;53;30;10;7;2;NA;NA;40
21/11/2017;A3;2;Araucaria;NA;NA;-28.300833;-52.201667;4495;112;18;17;10;3;NA;NA;40
21/11/2017;A4;1;Nativa;NA;NA;-28.321111;-52.201667;4651;18;37;33;23;2;NA;NA;40
21/11/2017;A4;2;Nativa;NA;NA;-28.321111;-52.201667;4651;23;15;13;5;5;NA;NA;40
21/11/2017;A5;1;Pinus;NA;NA;-28.318333;-52.199722;6465;74;27;26;15;2;NA;NA;40
21/11/2017;A5;2;Pinus;NA;NA;-28.318333;-52.199722;6465;72;7;18;5;3;NA;NA;40
21/11/2017;A6;1;Araucaria;NA;NA;-28.320556;-52.192778;4495;37;25;3;17;1;NA;NA;40
21/11/2017;A6;2;Araucaria;NA;NA;-28.320556;-52.192778;4495;30;7;1;7;0;NA;NA;40
21/11/2017;A7;1;Nativa;NA;NA;-28.323611;-52.188056;4651;23;29;1;9;0;NA;NA;40
21/11/2017;A7;2;Nativa;NA;NA;-28.323611;-52.188056;4651;61;56;21;8;5;NA;NA;40
21/11/2017;A8;1;Pinus;NA;NA;-28.326111;-52.186667;6465;76;20;20;10;3;NA;NA;40
21/11/2017;A8;2;Pinus;NA;NA;-28.326111;-52.186667;6465;24;13;9;3;2;NA;NA;40
21/11/2017;A9;1;Araucaria;NA;NA;-28.327778;-52.189167;4495;30;48;19;12;0;NA;NA;40
21/11/2017;A9;2;Araucaria;NA;NA;-28.327778;-52.189167;4495;27;16;5;15;0;NA;NA;40
22/11/2017;A1;1;Pinus;NA;NA;-28.288056;-52.185833;6465;27;17;17;9;2;20.5;72.9;0
22/11/2017;A1;2;Pinus;NA;NA;-28.288056;-52.185833;6465;39;44;38;6;3;20.5;72.9;0
22/11/2017;A2;1;Nativa;Physalaemus_gracilis;1;-28.295833;-52.196944;4651;14;40;5;6;1;17;83.1;0
22/11/2017;A2;2;Nativa;Physalaemus_gracilis;1;-28.295833;-52.196944;4651;26;14;14;13;0;17;83.1;0
22/11/2017;A2;2;Nativa;Physalaemus_cuvieri;2;-28.295833;-52.196944;4651;26;14;14;13;0;17;83.1;0
22/11/2017;A3;1;Araucaria;NA;NA;-28.300833;-52.201667;4495;53;30;10;7;2;16.8;82.1;0
22/11/2017;A3;2;Araucaria;Physalaemus_cuvieri;1;-28.300833;-52.201667;4495;112;18;17;10;3;16.8;82.1;0
22/11/2017;A4;1;Nativa;NA;NA;-28.321111;-52.201667;4651;18;37;33;23;2;17.5;80.1;0
22/11/2017;A4;2;Nativa;NA;NA;-28.321111;-52.201667;4651;23;15;13;5;5;17.5;80.1;0
22/11/2017;A5;1;Pinus;Physalaemus_gracilis;1;-28.318333;-52.199722;6465;74;27;26;15;2;17.6;81.7;0
22/11/2017;A5;2;Pinus;NA;NA;-28.318333;-52.199722;6465;72;7;18;5;3;17.6;81.7;0
22/11/2017;A6;1;Araucaria;NA;NA;-28.320556;-52.192778;4495;37;25;3;17;1;17.1;78.8;0
22/11/2017;A6;2;Araucaria;NA;NA;-28.320556;-52.192778;4495;30;7;1;7;0;17.1;78.8;0
22/11/2017;A7;1;Nativa;Rhinella_henseli;1;-28.323611;-52.188056;4651;23;29;1;9;0;16.6;82.5;0
22/11/2017;A7;1;Nativa;Lithobates_catesbeianus;3;-28.323611;-52.188056;4651;23;29;1;9;0;16.6;82.5;0
22/11/2017;A7;2;Nativa;Rhinella_henseli;1;-28.323611;-52.188056;4651;61;56;21;8;5;16.6;82.5;0
22/11/2017;A7;2;Nativa;Adenomera_araucaria;2;-28.323611;-52.188056;4651;61;56;21;8;5;16.6;82.5;0
22/11/2017;A8;1;Pinus;Rhinella_henseli;1;-28.326111;-52.186667;6465;76;20;20;10;3;17;87.1;0
22/11/2017;A8;1;Pinus;Lithobates_catesbeianus;1;-28.326111;-52.186667;6465;76;20;20;10;3;17;87.1;0
22/11/2017;A8;2;Pinus;Lithobates_catesbeianus;1;-28.326111;-52.186667;6465;24;13;9;3;2;17;87.1;0
22/11/2017;A9;1;Araucaria;Rhinella_henseli;1;-28.327778;-52.189167;4495;30;48;19;12;0;17.6;82.3;0
22/11/2017;A9;2;Araucaria;Rhinella_henseli;2;-28.327778;-52.189167;4495;27;16;5;15;0;17.6;82.3;0
22/11/2017;A9;2;Araucaria;Adenomera_araucaria;2;-28.327778;-52.189167;4495;27;16;5;15;0;17.6;82.3;0
04/12/2017;A6;1;Araucaria;Physalaemus_gracilis;1;-28.320556;-52.192778;4540;148;138;3;28;5;NA;NA;10
04/12/2017;A8;1;Pinus;Rhinella_henseli;1;-28.326111;-52.186667;3395;62;31;27;5;11;NA;NA;10
05/12/2017;A1;1;Pinus;NA;NA;-28.288056;-52.185833;3395;42;116;8;4;1;22;73;0
05/12/2017;A1;2;Pinus;NA;NA;-28.288056;-52.185833;3395;60;115;11;5;2;22;73;0
05/12/2017;A2;1;Nativa;NA;NA;-28.295833;-52.196944;2665;49;106;5;9;0;23.7;73.9;0
05/12/2017;A2;2;Nativa;NA;NA;-28.295833;-52.196944;2665;18;55;9;7;4;23.7;73.9;0
05/12/2017;A3;1;Araucaria;NA;NA;-28.300833;-52.201667;4540;202;72;20;11;6;22.9;75.7;0
05/12/2017;A3;2;Araucaria;NA;NA;-28.300833;-52.201667;4540;106;37;27;5;5;22.9;75.7;0
05/12/2017;A4;1;Nativa;NA;NA;-28.321111;-52.201667;2665;204;65;17;17;4;20.5;84.3;0
05/12/2017;A4;2;Nativa;NA;NA;-28.321111;-52.201667;2665;238;50;17;4;8;20.5;84.3;0
05/12/2017;A5;1;Pinus;Physalaemus_gracilis;1;-28.318333;-52.199722;3395;77;52;6;6;7;21.2;84.7;0
05/12/2017;A5;2;Pinus;NA;NA;-28.318333;-52.199722;3395;54;47;10;5;9;21.2;84.7;0
05/12/2017;A6;1;Araucaria;NA;NA;-28.320556;-52.192778;4540;148;138;3;28;5;20.9;81.7;0
05/12/2017;A6;2;Araucaria;NA;NA;-28.320556;-52.192778;4540;227;33;4;7;1;20.9;81.7;0
05/12/2017;A7;1;Nativa;Rhinella_henseli;1;-28.323611;-52.188056;2665;131;70;4;27;5;21.7;85.8;0
05/12/2017;A7;2;Nativa;Rhinella_henseli;2;-28.323611;-52.188056;2665;65;30;14;17;12;21.7;85.8;0
05/12/2017;A8;1;Pinus;NA;NA;-28.326111;-52.186667;3395;62;31;27;5;11;23.5;82.9;0
05/12/2017;A8;2;Pinus;NA;NA;-28.326111;-52.186667;3395;43;20;19;6;1;23.5;82.9;0
05/12/2017;A9;1;Araucaria;Adenomera_araucaria;1;-28.327778;-52.189167;4540;27;65;12;19;2;22.4;85.1;0
05/12/2017;A9;1;Araucaria;Rhinella_henseli;1;-28.327778;-52.189167;4540;27;65;12;19;2;22.4;85.1;0
05/12/2017;A9;2;Araucaria;NA;NA;-28.327778;-52.189167;4540;56;26;7;14;1;22.4;85.1;0
06/12/2017;A1;1;Pinus;Physalaemus_cuvieri;1;-28.288056;-52.185833;3395;42;116;8;4;1;NA;NA;0
06/12/2017;A1;2;Pinus;NA;NA;-28.288056;-52.185833;3395;60;115;11;5;2;NA;NA;0
06/12/2017;A2;1;Nativa;NA;NA;-28.295833;-52.196944;2665;49;106;5;9;0;NA;NA;0
06/12/2017;A2;2;Nativa;NA;NA;-28.295833;-52.196944;2665;18;55;9;7;4;NA;NA;0
06/12/2017;A3;1;Araucaria;Rhinella_henseli;1;-28.300833;-52.201667;4540;202;72;20;11;6;NA;NA;0
06/12/2017;A3;2;Araucaria;NA;NA;-28.300833;-52.201667;4540;106;37;27;5;5;NA;NA;0
06/12/2017;A4;1;Nativa;NA;NA;-28.321111;-52.201667;2665;204;65;17;17;4;NA;NA;0
06/12/2017;A4;2;Nativa;NA;NA;-28.321111;-52.201667;2665;238;50;17;4;8;NA;NA;0
06/12/2017;A5;1;Pinus;NA;NA;-28.318333;-52.199722;3395;77;52;6;6;7;NA;NA;0
06/12/2017;A5;2;Pinus;NA;NA;-28.318333;-52.199722;3395;54;47;10;5;9;NA;NA;0
06/12/2017;A6;1;Araucaria;NA;NA;-28.320556;-52.192778;4540;148;138;3;28;5;NA;NA;0
06/12/2017;A6;2;Araucaria;NA;NA;-28.320556;-52.192778;4540;227;33;4;7;1;NA;NA;0
06/12/2017;A7;1;Nativa;Rhinella_henseli;2;-28.323611;-52.188056;2665;131;70;4;27;5;NA;NA;0
06/12/2017;A7;2;Nativa;Rhinella_henseli;3;-28.323611;-52.188056;2665;65;30;14;17;12;NA;NA;0
06/12/2017;A7;2;Nativa;Adenomera_araucaria;1;-28.323611;-52.188056;2665;65;30;14;17;12;NA;NA;0
06/12/2017;A7;2;Nativa;Physalaemus_cuvieri;1;-28.323611;-52.188056;2665;65;30;14;17;12;NA;NA;0
06/12/2017;A8;1;Pinus;Rhinella_henseli;1;-28.326111;-52.186667;3395;62;31;27;5;11;NA;NA;0
06/12/2017;A8;2;Pinus;NA;NA;-28.326111;-52.186667;3395;43;20;19;6;1;NA;NA;0
06/12/2017;A9;1;Araucaria;Adenomera_araucaria;1;-28.327778;-52.189167;4540;27;65;12;19;2;NA;NA;0
06/12/2017;A9;1;Araucaria;Physalaemus_cuvieri;1;-28.327778;-52.189167;4540;27;65;12;19;2;NA;NA;0
06/12/2017;A9;2;Araucaria;NA;NA;-28.327778;-52.189167;4540;56;26;7;14;1;NA;NA;0
07/12/2017;A1;1;Pinus;Rhinella_henseli;1;-28.288056;-52.185833;3395;42;116;8;4;1;NA;NA;0
07/12/2017;A1;1;Pinus;Physalaemus_gracilis;1;-28.288056;-52.185833;3395;42;116;8;4;1;NA;NA;0
07/12/2017;A1;2;Pinus;NA;NA;-28.288056;-52.185833;3395;60;115;11;5;2;NA;NA;0
07/12/2017;A2;1;Nativa;Rhinella_henseli;1;-28.295833;-52.196944;2665;49;106;5;9;0;NA;NA;0
07/12/2017;A2;1;Nativa;Physalaemus_gracilis;1;-28.295833;-52.196944;2665;49;106;5;9;0;NA;NA;0
07/12/2017;A2;2;Nativa;Physalaemus_gracilis;1;-28.295833;-52.196944;2665;18;55;9;7;4;NA;NA;0
07/12/2017;A3;1;Araucaria;NA;NA;-28.300833;-52.201667;4540;202;72;20;11;6;NA;NA;0
07/12/2017;A3;2;Araucaria;Physalaemus_cuvieri;1;-28.300833;-52.201667;4540;106;37;27;5;5;NA;NA;0
07/12/2017;A4;1;Nativa;NA;NA;-28.321111;-52.201667;2665;204;65;17;17;4;NA;NA;0
07/12/2017;A4;2;Nativa;Rhinella_henseli;3;-28.321111;-52.201667;2665;238;50;17;4;8;NA;NA;0
07/12/2017;A4;2;Nativa;Physalaemus_gracilis;1;-28.321111;-52.201667;2665;238;50;17;4;8;NA;NA;0
07/12/2017;A5;1;Pinus;NA;NA;-28.318333;-52.199722;3395;77;52;6;6;7;NA;NA;0
07/12/2017;A5;2;Pinus;Physalaemus_cuvieri;1;-28.318333;-52.199722;3395;54;47;10;5;9;NA;NA;0
07/12/2017;A6;1;Araucaria;NA;NA;-28.320556;-52.192778;4540;148;138;3;28;5;NA;NA;0
07/12/2017;A6;2;Araucaria;Adenomera_araucaria;1;-28.320556;-52.192778;4540;227;33;4;7;1;NA;NA;0
07/12/2017;A7;1;Nativa;Rhinella_henseli;2;-28.323611;-52.188056;2665;131;70;4;27;5;NA;NA;0
07/12/2017;A7;1;Nativa;Lithobates_catesbeianus;1;-28.323611;-52.188056;2665;131;70;4;27;5;NA;NA;0
07/12/2017;A7;1;Nativa;Physalaemus_cuvieri;1;-28.323611;-52.188056;2665;131;70;4;27;5;NA;NA;0
07/12/2017;A7;1;Nativa;Adenomera_araucaria;1;-28.323611;-52.188056;2665;131;70;4;27;5;NA;NA;0
07/12/2017;A7;1;Nativa;Physalaemus_gracilis;1;-28.323611;-52.188056;2665;131;70;4;27;5;NA;NA;0
07/12/2017;A7;2;Nativa;Rhinella_henseli;1;-28.323611;-52.188056;2665;65;30;14;17;12;NA;NA;0
07/12/2017;A8;1;Pinus;Rhinella_henseli;2;-28.326111;-52.186667;3395;62;31;27;5;11;NA;NA;0
07/12/2017;A8;2;Pinus;Physalaemus_cuvieri;1;-28.326111;-52.186667;3395;43;20;19;6;1;NA;NA;0
07/12/2017;A8;2;Pinus;Rhinella_henseli;1;-28.326111;-52.186667;3395;43;20;19;6;1;NA;NA;0
07/12/2017;A9;1;Araucaria;Adenomera_araucaria;1;-28.327778;-52.189167;4540;27;65;12;19;2;NA;NA;0
07/12/2017;A9;2;Araucaria;Rhinella_henseli;1;-28.327778;-52.189167;4540;56;26;7;14;1;NA;NA;0
07/12/2017;A9;2;Araucaria;Physalaemus_gracilis;1;-28.327778;-52.189167;4540;56;26;7;14;1;NA;NA;0
03/01/2018;A1;1;Pinus;NA;NA;-28.288056;-52.185833;7035;10;59;15;12;2;22.2;80.6;5
03/01/2018;A1;2;Pinus;Rhinella_henseli;1;-28.288056;-52.185833;7035;14;45;7;10;1;22.2;80.6;5
03/01/2018;A2;1;Nativa;NA;NA;-28.295833;-52.196944;2770;48;40;10;15;0;20.9;85.4;5
03/01/2018;A2;2;Nativa;Physalaemus_cuvieri;1;-28.295833;-52.196944;2770;19;19;7;18;1;20.9;85.4;5
03/01/2018;A2;2;Nativa;Physalaemus_gracilis;5;-28.295833;-52.196944;2770;19;19;7;18;1;20.9;85.4;5
03/01/2018;A3;1;Araucaria;Rhinella_henseli;1;-28.300833;-52.201667;7456;39;15;7;3;2;21.7;83;5
03/01/2018;A3;2;Araucaria;Physalaemus_gracilis;1;-28.300833;-52.201667;7456;18;12;18;3;2;21.7;83;5
03/01/2018;A3;2;Araucaria;Rhinella_henseli;5;-28.300833;-52.201667;7456;18;12;18;3;2;21.7;83;5
03/01/2018;A4;1;Nativa;Rhinella_henseli;2;-28.321111;-52.201667;2770;63;15;22;3;3;22.4;81.6;5
03/01/2018;A4;2;Nativa;Elachistocleis_bicolor;1;-28.321111;-52.201667;2770;NA;NA;NA;NA;NA;22.4;81.6;5
03/01/2018;A5;1;Pinus;Rhinella_henseli;1;-28.318333;-52.199722;7035;23;30;8;6;2;22.9;81.7;5
03/01/2018;A5;2;Pinus;Physalaemus_cuvieri;1;-28.318333;-52.199722;7035;6;20;9;2;1;22.9;81.7;5
03/01/2018;A6;1;Araucaria;NA;NA;-28.320556;-52.192778;7456;26;3;2;2;0;23.1;80;5
03/01/2018;A6;2;Araucaria;NA;NA;-28.320556;-52.192778;7456;33;29;5;15;1;23.1;80;5
03/01/2018;A7;1;Nativa;Rhinella_henseli;1;-28.323611;-52.188056;2770;51;29;3;13;2;23.7;79.9;5
03/01/2018;A7;2;Nativa;Rhinella_henseli;3;-28.323611;-52.188056;2770;48;22;8;3;3;23.7;79.9;5
03/01/2018;A8;1;Pinus;Rhinella_henseli;1;-28.326111;-52.186667;7035;24;19;11;6;0;23.8;76;5
03/01/2018;A8;2;Pinus;Rhinella_henseli;1;-28.326111;-52.186667;7035;17;15;11;8;2;23.8;76;5
03/01/2018;A9;1;Araucaria;NA;NA;-28.327778;-52.189167;7456;11;4;3;9;0;25.1;86.5;5
03/01/2018;A9;2;Araucaria;Adenomera_araucaria;1;-28.327778;-52.189167;7456;19;8;6;4;2;25.1;86.5;5
04/01/2018;A1;1;Pinus;Rhinella_henseli;1;-28.288056;-52.185833;7035;10;59;15;12;2;28.9;63.4;0
04/01/2018;A1;2;Pinus;NA;NA;-28.288056;-52.185833;7035;14;45;7;10;1;28.9;63.4;0
04/01/2018;A2;1;Nativa;NA;NA;-28.295833;-52.196944;2770;48;40;10;15;0;27.4;68.8;0
04/01/2018;A2;2;Nativa;Physalaemus_cuvieri;1;-28.295833;-52.196944;2770;19;19;7;18;1;27.4;68.8;0
04/01/2018;A2;2;Nativa;Physalaemus_gracilis;1;-28.295833;-52.196944;2770;19;19;7;18;1;27.4;68.8;0
04/01/2018;A3;1;Araucaria;NA;NA;-28.300833;-52.201667;7456;39;15;7;3;2;27.5;61.3;0
04/01/2018;A3;2;Araucaria;NA;NA;-28.300833;-52.201667;7456;18;12;18;3;2;27.5;61.3;0
04/01/2018;A4;1;Nativa;NA;NA;-28.321111;-52.201667;2770;63;15;22;3;3;27.4;65.6;0
04/01/2018;A4;2;Nativa;NA;NA;-28.321111;-52.201667;2770;NA;NA;NA;NA;NA;27.4;65.6;0
04/01/2018;A5;1;Pinus;NA;NA;-28.318333;-52.199722;7035;23;30;8;6;2;27.3;53.8;0
04/01/2018;A5;2;Pinus;NA;NA;-28.318333;-52.199722;7035;6;20;9;2;1;27.3;53.8;0
04/01/2018;A6;1;Araucaria;NA;NA;-28.320556;-52.192778;7456;26;3;2;2;0;25.5;55;0
04/01/2018;A6;2;Araucaria;NA;NA;-28.320556;-52.192778;7456;33;29;5;15;1;25.5;55;0
04/01/2018;A7;1;Nativa;NA;NA;-28.323611;-52.188056;2770;51;29;3;13;2;26.9;55.4;0
04/01/2018;A7;2;Nativa;NA;NA;-28.323611;-52.188056;2770;48;22;8;3;3;26.9;55.4;0
04/01/2018;A8;1;Pinus;NA;NA;-28.326111;-52.186667;7035;24;19;11;6;0;27.3;53.7;0
04/01/2018;A8;2;Pinus;NA;NA;-28.326111;-52.186667;7035;17;15;11;8;2;27.3;53.7;0
04/01/2018;A9;1;Araucaria;NA;NA;-28.327778;-52.189167;7456;11;4;3;9;0;29;56.1;0
04/01/2018;A9;2;Araucaria;NA;NA;-28.327778;-52.189167;7456;19;8;6;4;2;29;56.1;0
06/02/2018;A1;1;Pinus;NA;NA;-28.288056;-52.185833;5275;7;18;19;8;2;24.2;57;0
06/02/2018;A1;2;Pinus;NA;NA;-28.288056;-52.185833;5275;18;59;6;5;0;24.2;57;0
06/02/2018;A2;1;Nativa;NA;NA;-28.295833;-52.196944;4065;39;81;13;21;3;22.7;61;0
06/02/2018;A2;2;Nativa;NA;NA;-28.295833;-52.196944;4065;40;6;17;11;3;22.7;61;0
06/02/2018;A3;1;Araucaria;Rhinella_henseli;1;-28.300833;-52.201667;8360;11;34;20;5;3;21.9;65;0
06/02/2018;A3;2;Araucaria;NA;NA;-28.300833;-52.201667;8360;14;24;23;17;0;21.9;65;0
06/02/2018;A4;1;Nativa;NA;NA;-28.321111;-52.201667;4065;18;17;15;23;1;21.5;66;0
06/02/2018;A4;2;Nativa;NA;NA;-28.321111;-52.201667;4065;49;64;91;14;2;21.5;66;0
06/02/2018;A5;1;Pinus;NA;NA;-28.318333;-52.199722;5275;12;21;10;12;0;21.4;67;0
06/02/2018;A5;2;Pinus;NA;NA;-28.318333;-52.199722;5275;17;18;24;10;3;21.4;67;0
06/02/2018;A6;1;Araucaria;NA;NA;-28.320556;-52.192778;8360;12;94;3;9;0;21.3;69;0
06/02/2018;A6;2;Araucaria;NA;NA;-28.320556;-52.192778;8360;10;10;5;12;0;21.3;69;0
06/02/2018;A7;1;Nativa;NA;NA;-28.323611;-52.188056;4065;13;27;4;87;1;21.4;71;0
06/02/2018;A7;2;Nativa;NA;NA;-28.323611;-52.188056;4065;60;80;25;21;5;21.4;71;0
06/02/2018;A8;1;Pinus;NA;NA;-28.326111;-52.186667;5275;6;26;12;18;2;21.5;76;0
06/02/2018;A8;2;Pinus;NA;NA;-28.326111;-52.186667;5275;20;44;30;9;3;21.5;76;0
06/02/2018;A9;1;Araucaria;NA;NA;-28.327778;-52.189167;8360;39;37;29;15;2;22.7;73;0
06/02/2018;A9;2;Araucaria;NA;NA;-28.327778;-52.189167;8360;37;26;23;8;4;22.7;73;0
07/02/2018;A1;1;Pinus;NA;NA;-28.288056;-52.185833;5275;7;18;19;8;2;25;60;0
07/02/2018;A1;2;Pinus;NA;NA;-28.288056;-52.185833;5275;18;59;6;5;0;25;60;0
07/02/2018;A2;1;Nativa;NA;NA;-28.295833;-52.196944;4065;39;81;13;21;3;23.4;63;0
07/02/2018;A2;2;Nativa;Physalaemus_cuvieri;1;-28.295833;-52.196944;4065;40;6;17;11;3;23.4;63;0
07/02/2018;A3;1;Araucaria;NA;NA;-28.300833;-52.201667;8360;11;34;20;5;3;22.2;69;0
07/02/2018;A3;2;Araucaria;Physalaemus_gracilis;1;-28.300833;-52.201667;8360;14;24;23;17;0;22.2;69;0
07/02/2018;A4;1;Nativa;NA;NA;-28.321111;-52.201667;4065;18;17;15;23;1;21.7;73;0
07/02/2018;A4;2;Nativa;NA;NA;-28.321111;-52.201667;4065;49;64;91;14;2;21.7;73;0
07/02/2018;A5;1;Pinus;NA;NA;-28.318333;-52.199722;5275;12;21;10;12;0;22;70;0
07/02/2018;A5;2;Pinus;NA;NA;-28.318333;-52.199722;5275;17;18;24;10;3;22;70;0
07/02/2018;A6;1;Araucaria;NA;NA;-28.320556;-52.192778;8360;12;94;3;9;0;22.1;73;0
07/02/2018;A6;2;Araucaria;NA;NA;-28.320556;-52.192778;8360;10;10;5;12;0;22.1;73;0
07/02/2018;A7;1;Nativa;NA;NA;-28.323611;-52.188056;4065;13;27;4;87;1;22.2;73;0
07/02/2018;A7;2;Nativa;NA;NA;-28.323611;-52.188056;4065;60;80;25;21;5;22.2;73;0
07/02/2018;A8;1;Pinus;NA;NA;-28.326111;-52.186667;5275;6;26;12;18;2;22;75;0
07/02/2018;A8;2;Pinus;NA;NA;-28.326111;-52.186667;5275;20;44;30;9;3;22;75;0
07/02/2018;A9;1;Araucaria;NA;NA;-28.327778;-52.189167;8360;39;37;29;15;2;22;75;0
07/02/2018;A9;2;Araucaria;NA;NA;-28.327778;-52.189167;8360;37;26;23;8;4;22;75;0
08/02/2018;A1;1;Pinus;NA;NA;-28.288056;-52.185833;5275;7;18;19;8;2;25.6;59;0
08/02/2018;A1;2;Pinus;NA;NA;-28.288056;-52.185833;5275;18;59;6;5;0;25.6;59;0
08/02/2018;A2;1;Nativa;NA;NA;-28.295833;-52.196944;4065;39;81;13;21;3;23;63;0
08/02/2018;A2;2;Nativa;NA;NA;-28.295833;-52.196944;4065;40;6;17;11;3;23;63;0
08/02/2018;A3;1;Araucaria;NA;NA;-28.300833;-52.201667;8360;11;34;20;5;3;22.2;68;0
08/02/2018;A3;2;Araucaria;NA;NA;-28.300833;-52.201667;8360;14;24;23;17;0;22.2;68;0
08/02/2018;A4;1;Nativa;NA;NA;-28.321111;-52.201667;4065;18;17;15;23;1;22.8;69;0
08/02/2018;A4;2;Nativa;NA;NA;-28.321111;-52.201667;4065;49;64;91;14;2;22.8;69;0
08/02/2018;A5;1;Pinus;NA;NA;-28.318333;-52.199722;5275;12;21;10;12;0;22.8;70;0
08/02/2018;A5;2;Pinus;NA;NA;-28.318333;-52.199722;5275;17;18;24;10;3;22.8;70;0
08/02/2018;A6;1;Araucaria;NA;NA;-28.320556;-52.192778;8360;12;94;3;9;0;22.6;71;0
08/02/2018;A6;2;Araucaria;NA;NA;-28.320556;-52.192778;8360;10;10;5;12;0;22.6;71;0
08/02/2018;A7;1;Nativa;NA;NA;-28.323611;-52.188056;4065;13;27;4;87;1;22.7;72;0
08/02/2018;A7;2;Nativa;NA;NA;-28.323611;-52.188056;4065;60;80;25;21;5;22.7;72;0
08/02/2018;A8;1;Pinus;NA;NA;-28.326111;-52.186667;5275;6;26;12;18;2;21.9;75;0
08/02/2018;A8;2;Pinus;NA;NA;-28.326111;-52.186667;5275;20;44;30;9;3;21.9;75;0
08/02/2018;A9;1;Araucaria;Rhinella_henseli;1;-28.327778;-52.189167;8360;39;37;29;15;2;21.7;82;0
08/02/2018;A9;2;Araucaria;NA;NA;-28.327778;-52.189167;8360;37;26;23;8;4;21.7;82;0
